Ticker,Prezzo,RSI,Volume Ratio,ATR14,ATR_%,CH_Status,CH_Score,CH_Rim,CH_Depth_%,CH_Cup_Bars,CH_Handle_Bars,CH_Handle_Retr_%,CH_Bars_Since,CH_PriorRise_ATR,DT_Status,DT_Score,DT_Neckline,DT_Diff_%,DT_Valley_%,DT_Sep_Bars,DT_Bars_Since,DTZ_Status,DTZ_T1,DTZ_Valley_%,DTZ_Sep_Bars,DTZ_Bars_Since,Perf_1Y_%,Perf_3Y_%,Perf_5Y_%,Best_Score,Run_Date
SOCL,43.24,41.31,0.42,0.65,1.49,,,,,,,,,,PENDING,100.0,41.3,1.3,15.2,43.0,42.0,,,,,,-27.9,21.8,,100,2026-10-02
FDN,291.44,53.35,0.45,4.41,1.51,,,,,,,,,,PENDING,79.0,283.55,1.1,5.2,27.0,8.0,,,,,,3.6,82.6,,79,2026-10-02
SKYY,168.44,61.28,0.38,3.5,2.08,,,,,,,,,,PENDING,79.0,156.31,0.2,7.7,27.0,8.0,,,,,,25.2,121.9,,79,2026-10-02
FCG,29.13,42.36,0.53,0.68,2.32,,,,,,,,,,PENDING,79.0,25.96,0.4,20.4,116.0,13.0,,,,,,23.0,21.4,,79,2026-10-02
COAL,24.38,39.82,0.33,0.64,2.62,,,,,,,,,,PENDING,79.0,22.0,1.1,24.4,112.0,17.0,,,,,,12.9,,,79,2026-10-02
XLC,110.24,44.85,0.62,1.76,1.59,,,,,,,,,,PENDING,79.0,106.09,0.5,11.1,52.0,116.0,,,,,,-5.6,74.0,,79,2026-10-02
XLY,109.91,40.92,0.7,1.53,1.39,,,,,,,,,,PENDING,79.0,108.05,1.2,11.2,49.0,39.0,,,,,,-7.5,40.0,,79,2026-10-02
GRID,182.55,56.51,1.82,3.1,1.7,,,,,,,,,,PENDING,79.0,180.17,1.2,9.4,28.0,72.0,,,,,,23.5,100.7,,79,2026-10-02
IYC,95.0,35.91,0.4,1.09,1.15,,,,,,,,,,CONFIRMED,70.0,95.49,1.2,9.4,85.0,4.0,,,,,,-9.0,44.3,,70,2026-10-02
XME,105.7,40.49,0.76,3.17,3.0,,,,,,,,,,PENDING,57.0,100.52,2.0,25.8,88.0,85.0,,,,,,15.0,104.4,,57,2026-10-02
COPX,85.64,46.39,0.64,2.64,3.08,,,,,,,,,,PENDING,57.0,68.26,2.1,31.5,146.0,24.0,,,,,,54.3,149.6,,57,2026-10-02
XLP,80.39,33.52,0.5,0.95,1.18,,,,,,,,,,PENDING,57.0,79.38,0.3,10.2,111.0,47.0,,,,,,5.9,26.7,,57,2026-10-02
XLB,49.01,37.03,0.77,0.75,1.54,,,,,,,,,,PENDING,57.0,46.14,0.9,14.5,132.0,28.0,,,,,,12.3,32.2,,57,2026-10-02
PICK,60.26,41.5,1.28,1.37,2.27,,,,,,,,,,PENDING,43.0,54.73,1.9,20.0,61.0,24.0,,,,,,41.3,66.8,,43,2026-10-02
IGV,108.18,58.53,0.52,2.43,2.24,,,,,,,,,,PENDING,36.0,100.59,1.9,9.0,15.0,8.0,,,,,,-5.9,58.5,,36,2026-10-02
FMAT,56.18,38.39,0.57,0.86,1.52,,,,,,,,,,CONFIRMED,30.0,56.28,1.0,8.9,48.0,3.0,,,,,,10.0,33.4,,30,2026-10-02
IHF,54.8,39.18,0.41,0.81,1.47,,,,,,,,,,CONFIRMED,30.0,54.92,0.1,5.6,35.0,2.0,,,,,,12.8,14.7,,30,2026-10-02
PHO,68.23,42.35,0.4,0.78,1.14,,,,,,,,,,PENDING,21.0,63.37,1.0,14.8,136.0,39.0,,,,,,-3.8,30.4,,21,2026-10-02
XLK,199.73,68.86,0.83,3.21,1.61,,,,,,,,,,,,,,,,,TOUCH,198.26,16.1,75.0,9.0,44.0,148.3,,0,2026-10-02
