Ticker,name,summary,category,aum,pe,expense_ratio,top_holdings,sector_weights
SOCL,Global X Social Media ETF,"The fund will invest at least 80% of its total assets in the securities of the underlying index and in American Depositary Receipts and Global Depositary Receipts based on the securities in the underlying index. The underlying index tracks the equity performance of the largest and most liquid companies involved in the social media industry, including companies that provide social networking, file sharing, and other web-based media applications. The fund is non-diversified.",Communications,84969184,17.417568,0.006500000000000001,"[{""Symbol"":""META"",""Name"":""Meta Platforms Inc Class A"",""Holding Percent"":0.119096406},{""Symbol"":""035420.KS"",""Name"":""NAVER Corp"",""Holding Percent"":0.096015304},{""Symbol"":""0700.HK"",""Name"":""Tencent Holdings Ltd"",""Holding Percent"":0.0925841},{""Symbol"":""RDDT"",""Name"":""Reddit Inc Class A Shares"",""Holding Percent"":0.0900686},{""Symbol"":""GOOGL"",""Name"":""Alphabet Inc Class A"",""Holding Percent"":0.0540679},{""Symbol"":""NTES"",""Name"":""NetEase Inc ADR"",""Holding Percent"":0.0540264},{""Symbol"":""1024.HK"",""Name"":""Kuaishou Technology Ordinary Shares - Class B"",""Holding Percent"":0.0525176},{""Symbol"":""PINS"",""Name"":""Pinterest Inc Class A"",""Holding Percent"":0.0490388},{""Symbol"":""SPOT"",""Name"":""Spotify Technology SA"",""Holding Percent"":0.0483672},{""Symbol"":""MTCH"",""Name"":""Match Group Inc Ordinary Shares - New"",""Holding Percent"":0.0434433}]","{""realestate"": 0.0, ""consumer_cyclical"": 0.00059999997, ""basic_materials"": 0.0, ""consumer_defensive"": 0.0069, ""technology"": 0.0308, ""communication_services"": 0.9572, ""financial_services"": 0.0, ""utilities"": 0.0, ""industrials"": 0.0044, ""energy"": 0.0, ""healthcare"": 0.0}"
XLC,State Street Communication Services Select Sector SPDR ETF,"Normally, the fund generally invests substantially all, but at least 95%, of its total assets in the securities comprising the index. The index includes companies that have been identified as Communication Services companies by the GICS®, including securities of companies from the following industries: diversified telecommunication services; wireless telecommunication services; media; entertainment; and interactive media & services. The fund is non-diversified.",Communications,22528514048,16.37104,0.0008,"[{""Symbol"":""META"",""Name"":""Meta Platforms Inc Class A"",""Holding Percent"":0.2215855},{""Symbol"":""GOOGL"",""Name"":""Alphabet Inc Class A"",""Holding Percent"":0.1163416},{""Symbol"":""GOOG"",""Name"":""Alphabet Inc Class C"",""Holding Percent"":0.093324296},{""Symbol"":""WBD"",""Name"":""Warner Bros. Discovery Inc Ordinary Shares - Class A"",""Holding Percent"":0.0493856},{""Symbol"":""DIS"",""Name"":""The Walt Disney Co"",""Holding Percent"":0.0448427},{""Symbol"":""TTWO"",""Name"":""Take-Two Interactive Software Inc"",""Holding Percent"":0.0437669},{""Symbol"":""T"",""Name"":""AT&T Inc"",""Holding Percent"":0.043206703},{""Symbol"":""APP"",""Name"":""AppLovin Corp Ordinary Shares - Class A"",""Holding Percent"":0.0423991},{""Symbol"":""VZ"",""Name"":""Verizon Communications Inc"",""Holding Percent"":0.0410698},{""Symbol"":""TMUS"",""Name"":""T-Mobile US Inc"",""Holding Percent"":0.040953398}]","{""realestate"": 0.0, ""consumer_cyclical"": 0.0, ""basic_materials"": 0.0, ""consumer_defensive"": 0.0, ""technology"": 0.0, ""communication_services"": 1.0, ""financial_services"": 0.0, ""utilities"": 0.0, ""industrials"": 0.0, ""energy"": 0.0, ""healthcare"": 0.0}"
XLY,State Street Consumer Discretionary Select Sector SPDR ETF,"The Advisor employs a replication strategy. The fund generally invests substantially all, but at least 95%, of its total assets in the securities comprising the index. The index includes companies that have been identified as Consumer Discretionary companies by the Global Industry Classification Standard (GICS®). It is non-diversified.",Consumer Cyclical,21273047040,24.59099,0.0008,"[{""Symbol"":""AMZN"",""Name"":""Amazon.com Inc"",""Holding Percent"":0.2339043},{""Symbol"":""TSLA"",""Name"":""Tesla Inc"",""Holding Percent"":0.176681},{""Symbol"":""HD"",""Name"":""The Home Depot Inc"",""Holding Percent"":0.050122},{""Symbol"":""MCD"",""Name"":""McDonald's Corp"",""Holding Percent"":0.042238403},{""Symbol"":""TJX"",""Name"":""TJX Companies Inc"",""Holding Percent"":0.0407091},{""Symbol"":""BKNG"",""Name"":""Booking Holdings Inc"",""Holding Percent"":0.0340926},{""Symbol"":""SBUX"",""Name"":""Starbucks Corp"",""Holding Percent"":0.0298332},{""Symbol"":""LOW"",""Name"":""Lowe's Companies Inc"",""Holding Percent"":0.02878},{""Symbol"":""MAR"",""Name"":""Marriott International Inc Class A"",""Holding Percent"":0.0211818},{""Symbol"":""ROST"",""Name"":""Ross Stores Inc"",""Holding Percent"":0.0208527}]","{""realestate"": 0.0, ""consumer_cyclical"": 0.9867, ""basic_materials"": 0.0, ""consumer_defensive"": 0.0, ""technology"": 0.013300001, ""communication_services"": 0.0, ""financial_services"": 0.0, ""utilities"": 0.0, ""industrials"": 0.0, ""energy"": 0.0, ""healthcare"": 0.0}"
FCG,First Trust Natural Gas ETF,"The fund will normally invest at least 90% of its net assets (including investment borrowings) in the common stocks, depositary receipts and MLP units and other securities that comprise the index. The index is designed to track the performance of mid and large capitalization companies that derive a substantial portion of their revenues from midstream activities and/or the exploration and production of natural gas.",Equity Energy,637601472,10.753483,0.0059,"[{""Symbol"":""COP"",""Name"":""ConocoPhillips"",""Holding Percent"":0.0461549},{""Symbol"":""EOG"",""Name"":""EOG Resources Inc"",""Holding Percent"":0.045773502},{""Symbol"":""HESM"",""Name"":""Hess Midstream LP Class A"",""Holding Percent"":0.0454107},{""Symbol"":""WES"",""Name"":""Western Midstream Partners LP"",""Holding Percent"":0.045072697},{""Symbol"":""DVN"",""Name"":""Devon Energy Corp"",""Holding Percent"":0.0445105},{""Symbol"":""OXY"",""Name"":""Occidental Petroleum Corp"",""Holding Percent"":0.041945502},{""Symbol"":""FANG"",""Name"":""Diamondback Energy Inc"",""Holding Percent"":0.040673498},{""Symbol"":""EQT"",""Name"":""EQT Corp"",""Holding Percent"":0.0386254},{""Symbol"":""PR"",""Name"":""Permian Resources Corp Class A"",""Holding Percent"":0.0367817},{""Symbol"":""APA"",""Name"":""APA Corp"",""Holding Percent"":0.036607}]","{""realestate"": 0.0, ""consumer_cyclical"": 0.0, ""basic_materials"": 0.0, ""consumer_defensive"": 0.0, ""technology"": 0.0198, ""communication_services"": 0.0, ""financial_services"": 0.0, ""utilities"": 0.0, ""industrials"": 0.0, ""energy"": 0.9802, ""healthcare"": 0.0}"
COAL,Range Global Coal ETF,"The fund normally invests in securities comprising the index. The index is designed to track the performance of companies that are involved in the metallurgical (met) and thermal coal industry, which includes production, exploration, development, transportation, and distribution (“Coal Companies”). Under normal circumstances, the fund invests at least 80% of its net assets in securities of coal companies. The fund is non-diversified.",Equity Energy,53521824,17.31184,0.0085,"[{""Symbol"":""HCC"",""Name"":""Warrior Met Coal Inc"",""Holding Percent"":0.097576},{""Symbol"":""YAL.AX"",""Name"":""Yancoal Australia Ltd"",""Holding Percent"":0.0808992},{""Symbol"":""AMR"",""Name"":""Alpha Metallurgical Resources Inc"",""Holding Percent"":0.0722341},{""Symbol"":""WHC.AX"",""Name"":""Whitehaven Coal Ltd"",""Holding Percent"":0.063958704},{""Symbol"":""CNR"",""Name"":""Core Natural Resources Inc Ordinary Shares"",""Holding Percent"":0.0623304},{""Symbol"":""NRP"",""Name"":""Natural Resources Partners LP"",""Holding Percent"":0.0487921},{""Symbol"":""NHC.AX"",""Name"":""New Hope Corp Ltd"",""Holding Percent"":0.0481946},{""Symbol"":""SMR.AX"",""Name"":""Stanmore Resources Ltd"",""Holding Percent"":0.0457518},{""Symbol"":""ARLP"",""Name"":""Alliance Resource Partners LP"",""Holding Percent"":0.0457166},{""Symbol"":""BHP"",""Name"":""BHP Group Ltd ADR"",""Holding Percent"":0.0437548}]","{""realestate"": 0.0, ""consumer_cyclical"": 0.0, ""basic_materials"": 0.4106, ""consumer_defensive"": 0.0, ""technology"": 0.0, ""communication_services"": 0.0, ""financial_services"": 0.0, ""utilities"": 0.0097, ""industrials"": 0.0725, ""energy"": 0.5072, ""healthcare"": 0.0}"
GRID,First Trust NASDAQ Clean Edge Smart Grid Infrastructure Index Fund,"The fund will normally invest at least 90% of its net assets (including investment borrowings) in the common stocks and depositary receipts that comprise the index. The index includes companies that are primarily engaged and involved in electric grid, electric meters and devices, networks, energy storage and management, and enabling software used by the smart grid infrastructure sector. The fund is non-diversified.",Infrastructure,11866589184,30.689314,0.005600000000000001,"[{""Symbol"":""ETN"",""Name"":""Eaton Corp PLC"",""Holding Percent"":0.0857022},{""Symbol"":""PWR"",""Name"":""Quanta Services Inc"",""Holding Percent"":0.0848282},{""Symbol"":""JCI"",""Name"":""Johnson Controls International PLC Registered Shares"",""Holding Percent"":0.083470896},{""Symbol"":""ABBN.SW"",""Name"":""ABB Ltd"",""Holding Percent"":0.0778976},{""Symbol"":""SU.PA"",""Name"":""Schneider Electric SE"",""Holding Percent"":0.0774509},{""Symbol"":""PRY.MI"",""Name"":""Prysmian SpA"",""Holding Percent"":0.0403054},{""Symbol"":""NG.L"",""Name"":""National Grid PLC"",""Holding Percent"":0.0383701},{""Symbol"":""EOAN.DE"",""Name"":""E.ON SE"",""Holding Percent"":0.037007},{""Symbol"":""NVT"",""Name"":""nVent Electric PLC"",""Holding Percent"":0.0293948},{""Symbol"":""HUBB"",""Name"":""Hubbell Inc"",""Holding Percent"":0.0247529}]","{""realestate"": 0.0, ""consumer_cyclical"": 0.0234, ""basic_materials"": 0.0023999999, ""consumer_defensive"": 0.0, ""technology"": 0.1165, ""communication_services"": 0.0, ""financial_services"": 0.0, ""utilities"": 0.17559999, ""industrials"": 0.682, ""energy"": 0.0, ""healthcare"": 0.0}"
IYC,iShares US Consumer Discretionary ETF,"The fund generally will invest at least 80% of its assets in the component securities of its underlying index. The underlying index measures the performance of the consumer discretionary sector of the U.S. equity market, as defined by FTSE Russell.",Consumer Cyclical,1166034048,22.55996,0.0037,"[{""Symbol"":""AMZN"",""Name"":""Amazon.com Inc"",""Holding Percent"":0.1482718},{""Symbol"":""TSLA"",""Name"":""Tesla Inc"",""Holding Percent"":0.0782846},{""Symbol"":""WMT"",""Name"":""Walmart Inc"",""Holding Percent"":0.045436602},{""Symbol"":""COST"",""Name"":""Costco Wholesale Corp"",""Holding Percent"":0.044664502},{""Symbol"":""NFLX"",""Name"":""Netflix Inc"",""Holding Percent"":0.0380978},{""Symbol"":""HD"",""Name"":""The Home Depot Inc"",""Holding Percent"":0.0379885},{""Symbol"":""DIS"",""Name"":""The Walt Disney Co"",""Holding Percent"":0.0330419},{""Symbol"":""MCD"",""Name"":""McDonald's Corp"",""Holding Percent"":0.0297051},{""Symbol"":""TJX"",""Name"":""TJX Companies Inc"",""Holding Percent"":0.0265122},{""Symbol"":""UBER"",""Name"":""Uber Technologies Inc"",""Holding Percent"":0.0243091}]","{""realestate"": 0.0, ""consumer_cyclical"": 0.672, ""basic_materials"": 0.0, ""consumer_defensive"": 0.120799996, ""technology"": 0.0349, ""communication_services"": 0.1387, ""financial_services"": 0.0, ""utilities"": 0.0, ""industrials"": 0.0336, ""energy"": 0.0, ""healthcare"": 0.0}"
XME,State Street SPDR S&P Metals & Mining ETF,"In seeking to track the performance of the S&P Metals & Mining Select Industry Index (the ""index""), the fund employs a sampling strategy. It generally invests substantially all, but at least 80%, of its total assets in the securities comprising the index. The index represents the metals and mining segment of the S&P Total Market Index (""S&P TMI""). The fund is non-diversified.",Natural Resources,4094420480,18.813513,0.0034999999999999996,"[{""Symbol"":""RS"",""Name"":""Reliance Inc"",""Holding Percent"":0.0530973},{""Symbol"":""MTRN"",""Name"":""Materion Corp"",""Holding Percent"":0.0507899},{""Symbol"":""STLD"",""Name"":""Steel Dynamics Inc"",""Holding Percent"":0.0501896},{""Symbol"":""FCX"",""Name"":""Freeport-McMoRan Inc"",""Holding Percent"":0.050056},{""Symbol"":""CLF"",""Name"":""Cleveland-Cliffs Inc"",""Holding Percent"":0.0496414},{""Symbol"":""NUE"",""Name"":""Nucor Corp"",""Holding Percent"":0.0494042},{""Symbol"":""CMC"",""Name"":""Commercial Metals Co"",""Holding Percent"":0.049074},{""Symbol"":""RGLD"",""Name"":""Royal Gold Inc"",""Holding Percent"":0.049000703},{""Symbol"":""NEM"",""Name"":""Newmont Corp"",""Holding Percent"":0.0488486},{""Symbol"":""MP"",""Name"":""MP Materials Corp Ordinary Shares - Class A"",""Holding Percent"":0.0474737}]","{""realestate"": 0.0, ""consumer_cyclical"": 0.0, ""basic_materials"": 0.8031, ""consumer_defensive"": 0.0, ""technology"": 0.0, ""communication_services"": 0.0, ""financial_services"": 0.0, ""utilities"": 0.0, ""industrials"": 0.061100002, ""energy"": 0.1357, ""healthcare"": 0.0}"
COPX,Global X Copper Miners ETF,"The fund invests at least 80% of its total assets in the securities of the underlying index and in American Depositary Receipts (""ADRs"") and Global Depositary Receipts (""GDRs"") based on the securities in the underlying index. The underlying index is designed to measure broad-based equity market performance of global companies involved in the copper mining industry. The fund is non-diversified.",Natural Resources,7253978112,16.17585,0.006500000000000001,"[{""Symbol"":""HBM.TO"",""Name"":""Hudbay Minerals Inc"",""Holding Percent"":0.0579686},{""Symbol"":""TECK-B.TO"",""Name"":""Teck Resources Ltd Class B (Sub Voting)"",""Holding Percent"":0.0551165},{""Symbol"":""SCCO"",""Name"":""Southern Copper Corp"",""Holding Percent"":0.0532676},{""Symbol"":""BHP.AX"",""Name"":""BHP Group Ltd"",""Holding Percent"":0.0509692},{""Symbol"":""FCX"",""Name"":""Freeport-McMoRan Inc"",""Holding Percent"":0.0496336},{""Symbol"":""ANTO.L"",""Name"":""Antofagasta PLC"",""Holding Percent"":0.0474363},{""Symbol"":""GLEN.L"",""Name"":""Glencore PLC"",""Holding Percent"":0.0470873},{""Symbol"":""KGH.WA"",""Name"":""KGHM Polska Miedz SA"",""Holding Percent"":0.046230797},{""Symbol"":""FM.TO"",""Name"":""First Quantum Minerals Ltd"",""Holding Percent"":0.0457731},{""Symbol"":""5713.T"",""Name"":""Sumitomo Metal Mining Co Ltd"",""Holding Percent"":0.0439784}]","{""realestate"": 0.0, ""consumer_cyclical"": 0.0, ""basic_materials"": 0.97440004, ""consumer_defensive"": 0.0005, ""technology"": 0.0, ""communication_services"": 0.0, ""financial_services"": 0.0, ""utilities"": 0.0, ""industrials"": 0.025, ""energy"": 0.0, ""healthcare"": 0.0}"
XLP,State Street Consumer Staples Select Sector SPDR ETF,"In seeking to track the performance of the index, the fund employs a replication strategy. It generally invests substantially all, but at least 95%, of its total assets in the securities comprising the index. The index includes companies that have been identified as Consumer Staples companies by the GICS®. It is non-diversified.",Consumer Defensive,13445566464,24.263905,0.0008,"[{""Symbol"":""WMT"",""Name"":""Walmart Inc"",""Holding Percent"":0.105412506},{""Symbol"":""COST"",""Name"":""Costco Wholesale Corp"",""Holding Percent"":0.091891296},{""Symbol"":""PG"",""Name"":""Procter & Gamble Co"",""Holding Percent"":0.0768635},{""Symbol"":""KO"",""Name"":""Coca-Cola Co"",""Holding Percent"":0.0758694},{""Symbol"":""PM"",""Name"":""Philip Morris International Inc"",""Holding Percent"":0.0676958},{""Symbol"":""TGT"",""Name"":""Target Corp"",""Holding Percent"":0.045702},{""Symbol"":""MO"",""Name"":""Altria Group Inc"",""Holding Percent"":0.0455716},{""Symbol"":""CL"",""Name"":""Colgate-Palmolive Co"",""Holding Percent"":0.044526502},{""Symbol"":""PEP"",""Name"":""PepsiCo Inc"",""Holding Percent"":0.042593002},{""Symbol"":""MDLZ"",""Name"":""Mondelez International Inc Class A"",""Holding Percent"":0.042558}]","{""realestate"": 0.0, ""consumer_cyclical"": 0.0148, ""basic_materials"": 0.0, ""consumer_defensive"": 0.9852, ""technology"": 0.0, ""communication_services"": 0.0, ""financial_services"": 0.0, ""utilities"": 0.0, ""industrials"": 0.0, ""energy"": 0.0, ""healthcare"": 0.0}"
XLB,State Street Materials Select Sector SPDR ETF,"In seeking to track the performance of the index, the fund employs a replication strategy. It generally invests substantially all, but at least 95%, of its total assets in the securities comprising the index. The index includes securities of companies from the following industries: chemicals; metals and mining; paper and forest products; containers and packaging; and construction materials. The fund is non-diversified.",Natural Resources,7776858624,23.230219,0.0008,"[{""Symbol"":""LIN"",""Name"":""Linde PLC"",""Holding Percent"":0.1223234},{""Symbol"":""NEM"",""Name"":""Newmont Corp"",""Holding Percent"":0.0679442},{""Symbol"":""FCX"",""Name"":""Freeport-McMoRan Inc"",""Holding Percent"":0.0561973},{""Symbol"":""ECL"",""Name"":""Ecolab Inc"",""Holding Percent"":0.0474993},{""Symbol"":""SHW"",""Name"":""Sherwin-Williams Co"",""Holding Percent"":0.0474764},{""Symbol"":""VMC"",""Name"":""Vulcan Materials Co"",""Holding Percent"":0.0460976},{""Symbol"":""MLM"",""Name"":""Martin Marietta Materials Inc"",""Holding Percent"":0.0445324},{""Symbol"":""APD"",""Name"":""Air Products and Chemicals Inc"",""Holding Percent"":0.044376},{""Symbol"":""CRH"",""Name"":""CRH PLC"",""Holding Percent"":0.0436374},{""Symbol"":""STLD"",""Name"":""Steel Dynamics Inc"",""Holding Percent"":0.0433578}]","{""realestate"": 0.0, ""consumer_cyclical"": 0.16780001, ""basic_materials"": 0.8322, ""consumer_defensive"": 0.0, ""technology"": 0.0, ""communication_services"": 0.0, ""financial_services"": 0.0, ""utilities"": 0.0, ""industrials"": 0.0, ""energy"": 0.0, ""healthcare"": 0.0}"
FMAT,Fidelity MSCI Materials Index ETF,"The fund invests at least 80% of assets in securities included in the fund's underlying index. The fund's underlying index is the MSCI USA IMI Materials 25/50 Index, which represents the performance of the materials sector in the U.S. equity market. It may or may not hold all of the securities in the MSCI USA IMI Materials 25/50 Index. The fund is non-diversified.",Natural Resources,573988480,22.76926,0.00084,"[{""Symbol"":""LIN"",""Name"":""Linde PLC"",""Holding Percent"":0.1518499},{""Symbol"":""NEM"",""Name"":""Newmont Corp"",""Holding Percent"":0.0844001},{""Symbol"":""FCX"",""Name"":""Freeport-McMoRan Inc"",""Holding Percent"":0.069592096},{""Symbol"":""SHW"",""Name"":""Sherwin-Williams Co"",""Holding Percent"":0.051002797},{""Symbol"":""ECL"",""Name"":""Ecolab Inc"",""Holding Percent"":0.048099097},{""Symbol"":""APD"",""Name"":""Air Products and Chemicals Inc"",""Holding Percent"":0.041775096},{""Symbol"":""CRH"",""Name"":""CRH PLC"",""Holding Percent"":0.0382628},{""Symbol"":""CTVA"",""Name"":""Corteva Inc"",""Holding Percent"":0.0359156},{""Symbol"":""NUE"",""Name"":""Nucor Corp"",""Holding Percent"":0.035895098},{""Symbol"":""VMC"",""Name"":""Vulcan Materials Co"",""Holding Percent"":0.0219521}]","{""realestate"": 0.0, ""consumer_cyclical"": 0.0932, ""basic_materials"": 0.8955, ""consumer_defensive"": 0.0, ""technology"": 0.0, ""communication_services"": 0.0, ""financial_services"": 0.0, ""utilities"": 0.0, ""industrials"": 0.0058999998, ""energy"": 0.0, ""healthcare"": 0.0054}"
IHF,iShares U.S. Healthcare Providers ETF,"The index measures the performance of the healthcare providers sector of the U.S. equity market, as defined by SPDJI. The fund generally will invest at least 80% of its assets in the component securities of its index and in investments that have economic characteristics that are substantially identical to the component securities of its index and may invest up to 20% of its assets in certain futures, options and swap contracts, cash and cash equivalents. It is non-diversified.",Health,1355022976,20.796415,0.0037,"[{""Symbol"":""UNH"",""Name"":""UnitedHealth Group Inc"",""Holding Percent"":0.2171956},{""Symbol"":""CVS"",""Name"":""CVS Health Corp"",""Holding Percent"":0.1225652},{""Symbol"":""ELV"",""Name"":""Elevance Health Inc"",""Holding Percent"":0.0941843},{""Symbol"":""VEEV"",""Name"":""Veeva Systems Inc Class A"",""Holding Percent"":0.0509097},{""Symbol"":""HCA"",""Name"":""HCA Healthcare Inc"",""Holding Percent"":0.0470546},{""Symbol"":""CI"",""Name"":""The Cigna Group"",""Holding Percent"":0.0454537},{""Symbol"":""HUM"",""Name"":""Humana Inc"",""Holding Percent"":0.0443682},{""Symbol"":""CNC"",""Name"":""Centene Corp"",""Holding Percent"":0.041090596},{""Symbol"":""DGX"",""Name"":""Quest Diagnostics Inc"",""Holding Percent"":0.0344457},{""Symbol"":""LH"",""Name"":""Labcorp Holdings Inc"",""Holding Percent"":0.0334592}]","{""realestate"": 0.0, ""consumer_cyclical"": 0.0, ""basic_materials"": 0.0, ""consumer_defensive"": 0.0, ""technology"": 0.0, ""communication_services"": 0.0, ""financial_services"": 0.0031, ""utilities"": 0.0, ""industrials"": 0.0, ""energy"": 0.0, ""healthcare"": 0.9969}"
PICK,iShares MSCI Global Metals & Mining Producers ETF,"The fund will invest at least 80% of its assets in the component securities of the index and in investments that have economic characteristics that are substantially identical to the component securities of the index. The index measure the combined performance of equities of companies in both developed and emerging markets that are primarily involved in the extraction or production of diversified metals, the production of aluminum or steel and in the mining of precious metals and minerals. It is non-diversified.",Natural Resources,2400181760,17.364424,0.0039000000000000003,"[{""Symbol"":""BHP.AX"",""Name"":""BHP Group Ltd"",""Holding Percent"":0.1355222},{""Symbol"":""FCX"",""Name"":""Freeport-McMoRan Inc"",""Holding Percent"":0.063428305},{""Symbol"":""RIO.L"",""Name"":""Rio Tinto PLC Ordinary Shares"",""Holding Percent"":0.0634133},{""Symbol"":""GLEN.L"",""Name"":""Glencore PLC"",""Holding Percent"":0.0436553},{""Symbol"":""AAL.L"",""Name"":""Anglo American PLC"",""Holding Percent"":0.0360198},{""Symbol"":""NUE"",""Name"":""Nucor Corp"",""Holding Percent"":0.0327158},{""Symbol"":""VALE3.SA"",""Name"":""Vale SA"",""Holding Percent"":0.031196},{""Symbol"":""RIO.AX"",""Name"":""Rio Tinto Ltd"",""Holding Percent"":0.0272176},{""Symbol"":""GMEXICOB.MX"",""Name"":""Grupo Mexico SAB de CV Class B"",""Holding Percent"":0.0232699},{""Symbol"":""STLD"",""Name"":""Steel Dynamics Inc"",""Holding Percent"":0.019141199}]","{""realestate"": 0.0, ""consumer_cyclical"": 0.0, ""basic_materials"": 0.96419996, ""consumer_defensive"": 0.0, ""technology"": 0.0088, ""communication_services"": 0.0, ""financial_services"": 0.00059999997, ""utilities"": 0.0, ""industrials"": 0.026099999, ""energy"": 0.00029999999, ""healthcare"": 0.0}"
PHO,Invesco Water Resources ETF,"The fund generally will invest at least 90% of its total assets in securities that comprise the underlying index. The underlying index seeks to track the performance of companies that create products designed to conserve and purify water for homes, businesses and industries. The underlying index is designed to track the performance of U.S. exchange-listed companies that create products that conserve and purify water for homes, businesses, and industries. The fund is non-diversified.",Miscellaneous Sector,1888745856,24.291056,0.0059,"[{""Symbol"":""FERG"",""Name"":""Ferguson Enterprises Inc"",""Holding Percent"":0.0832838},{""Symbol"":""ECL"",""Name"":""Ecolab Inc"",""Holding Percent"":0.081435405},{""Symbol"":""WAT"",""Name"":""Waters Corp"",""Holding Percent"":0.0752642},{""Symbol"":""IDXX"",""Name"":""IDEXX Laboratories Inc"",""Holding Percent"":0.0688554},{""Symbol"":""ROP"",""Name"":""Roper Technologies Inc"",""Holding Percent"":0.060757898},{""Symbol"":""A"",""Name"":""Agilent Technologies Inc"",""Holding Percent"":0.0471237},{""Symbol"":""TRMB"",""Name"":""Trimble Inc"",""Holding Percent"":0.0399656},{""Symbol"":""VLTO"",""Name"":""Veralto Corp"",""Holding Percent"":0.0399406},{""Symbol"":""AWK"",""Name"":""American Water Works Co Inc"",""Holding Percent"":0.0393344},{""Symbol"":""XYL"",""Name"":""Xylem Inc"",""Holding Percent"":0.0386238}]","{""realestate"": 0.0, ""consumer_cyclical"": 0.0, ""basic_materials"": 0.0922, ""consumer_defensive"": 0.0, ""technology"": 0.1476, ""communication_services"": 0.0, ""financial_services"": 0.0, ""utilities"": 0.0705, ""industrials"": 0.49830002, ""energy"": 0.0, ""healthcare"": 0.19139999}"
