Ticker,Timeframe,Prezzo,RSI,Volume Ratio,CH_Status,CH_Score,CH_Rim,CH_Depth_%,CH_Cup_Bars,CH_Handle_Bars,CH_Handle_Retr_%,CH_Bars_Since,CH_PriorRise_%,DT_Status,DT_Score,DT_Neckline,DT_Diff_%,DT_Valley_%,DT_Sep_Bars,DT_Bars_Since,DTZ_Status,DTZ_T1,DTZ_Valley_%,DTZ_Sep_Bars,DTZ_Bars_Since,Perf_1Y_%,Perf_3Y_%,Perf_5Y_%,Best_Score,Run_Date
ADI,4H,398.39,62.78,0.02,FORMING,100.0,405.38,14.2,89.0,5.0,21.5,5.0,12.5,,,,,,,,,,,,,62.9,138.3,158.6,100,2026-09-30
QCOM,4H,184.15,42.6,0.02,FORMING,100.0,199.61,28.4,158.0,17.0,30.6,17.0,13.9,,,,,,,,,,,,,11.1,76.7,59.5,100,2026-09-30
Q,4H,125.76,59.29,0.04,FORMING,100.0,129.21,13.5,66.0,5.0,28.5,5.0,5.5,,,,,,,,,,,,,,,,100,2026-09-30
HOOD,4H,112.3,34.29,0.09,,,,,,,,,,PENDING,100.0,101.7,1.3,19.7,33.0,17.0,,,,,,-7.8,1044.7,168.0,100,2026-09-30
TXN,4H,282.01,66.44,0.03,FORMING,100.0,286.21,13.3,89.0,5.0,18.4,5.0,8.1,,,,,,,,,,,,,56.7,93.1,67.6,100,2026-09-30
ISRG,4H,409.38,60.21,0.04,FORMING,100.0,416.51,17.1,82.0,7.0,15.4,7.0,17.0,,,,,,,,,,,,,-7.2,40.1,21.7,100,2026-09-30
MCHP,4H,78.37,59.68,0.02,FORMING,100.0,81.41,15.6,89.0,5.0,27.6,5.0,14.3,,,,,,,,,,,,,24.8,8.3,14.4,100,2026-09-30
IT,4H,187.12,55.38,0.02,,,,,,,,,,PENDING,100.0,166.01,0.0,18.2,44.0,34.0,,,,,,-29.3,-45.7,-39.0,100,2026-09-30
ON,4H,76.28,57.93,0.01,FORMING,89.0,77.68,15.3,29.0,10.0,30.1,10.0,10.7,,,,,,,,,,,,,52.1,-17.9,67.2,89,2026-09-30
DD,4H,130.46,51.17,0.03,FORMING,84.0,132.39,7.2,40.0,10.0,29.2,10.0,2.5,,,,,,,,,,,,,38.9,47.7,65.6,84,2026-09-30
AME,4H,249.6,61.57,0.04,FORMING,84.0,254.19,9.7,72.0,5.0,20.8,5.0,4.2,PENDING,0.0,229.6,2.7,12.1,96.0,5.0,,,,,,34.7,72.2,106.3,84,2026-09-30
MAR,4H,357.38,64.4,0.03,FORMING,84.0,364.08,11.9,75.0,5.0,20.6,5.0,6.6,,,,,,,,,,,,,36.4,87.0,139.0,84,2026-09-30
KEYS,4H,365.11,72.11,0.02,FORMING,84.0,368.99,20.4,193.0,10.0,18.1,10.0,17.1,PENDING,79.0,306.85,0.1,16.4,84.0,10.0,,,,,,110.2,175.3,120.2,84,2026-09-30
HON,4H,210.42,52.4,0.04,FORMING,84.0,213.64,7.8,40.0,11.0,27.7,11.0,2.5,,,,,,,,,,,,,4.3,22.6,9.4,84,2026-09-30
PH,4H,964.85,50.75,0.03,FORMING,84.0,983.92,7.4,45.0,8.0,31.6,8.0,4.8,,,,,,,,,,,,,29.6,155.3,252.3,84,2026-09-30
NXPI,4H,235.89,54.23,0.02,FORMING,84.0,239.83,9.7,35.0,5.0,29.8,5.0,9.8,,,,,,,,,,,,,6.2,24.4,34.1,84,2026-09-30
STX,4H,919.65,58.75,0.02,FORMING,84.0,944.43,19.7,43.0,5.0,23.8,5.0,21.2,,,,,,,,,,,,,326.6,1380.3,1155.5,84,2026-09-30
VTRS,4H,17.93,61.68,0.04,FORMING,80.0,18.43,13.8,129.0,5.0,22.4,5.0,13.3,PENDING,57.0,15.88,0.2,13.8,111.0,5.0,TOUCH,18.39,13.6,107.0,9.0,94.9,106.1,62.6,80,2026-09-30
LITE,4H,966.13,56.07,0.03,,,,,,,,,,PENDING,79.0,832.16,2.4,19.0,26.0,20.0,,,,,,499.1,2031.4,1028.0,79,2026-09-30
EME,4H,757.5,51.0,0.02,,,,,,,,,,PENDING,79.0,668.82,1.3,23.7,109.0,93.0,,,,,,18.5,262.6,551.7,79,2026-09-30
ACN,4H,183.0,55.58,0.08,,,,,,,,,,PENDING,79.0,175.49,1.2,11.2,21.0,34.0,,,,,,-21.8,-37.1,-38.8,79,2026-09-30
ANET,4H,204.27,53.76,0.02,FORMING,73.0,212.0,14.5,60.0,11.0,34.7,11.0,12.3,PENDING,79.0,181.27,1.3,15.6,108.0,11.0,TOUCH,214.89,13.0,16.0,103.0,43.3,344.2,832.5,79,2026-09-30
AVY,4H,170.74,49.32,0.08,,,,,,,,,,PENDING,79.0,167.87,1.1,10.7,51.0,80.0,,,,,,8.9,-0.7,-10.6,79,2026-09-30
CMG,4H,31.76,39.12,0.03,,,,,,,,,,PENDING,79.0,31.64,0.4,19.1,75.0,56.0,,,,,,-20.8,-13.4,-13.2,79,2026-09-30
AMT,4H,164.17,28.96,0.03,,,,,,,,,,PENDING,79.0,162.5,0.3,10.2,58.0,74.0,,,,,,-12.2,11.0,-28.3,79,2026-09-30
DAL,4H,83.56,54.4,0.03,FORMING,57.0,85.47,11.1,64.0,10.0,36.6,10.0,5.4,PENDING,79.0,80.64,0.7,15.7,70.0,118.0,,,,,,47.7,133.5,90.8,79,2026-09-30
TRMB,4H,57.85,50.31,0.06,,,,,,,,,,PENDING,79.0,54.71,0.1,11.8,36.0,68.0,TOUCH,61.91,11.6,16.0,88.0,-28.9,7.3,-31.3,79,2026-09-30
SWKS,4H,85.38,44.31,0.05,,,,,,,,,,PENDING,79.0,79.04,0.5,14.8,23.0,17.0,,,,,,10.9,-4.6,-40.0,79,2026-09-30
NOW,4H,134.09,47.29,0.03,,,,,,,,,,PENDING,79.0,130.39,1.4,12.8,29.0,34.0,,,,,,-28.4,19.9,5.9,79,2026-09-30
KDP,4H,30.17,34.44,0.11,,,,,,,,,,PENDING,79.0,28.66,0.1,13.6,62.0,54.0,TOUCH,33.14,13.5,34.0,82.0,22.0,4.2,3.7,79,2026-09-30
NVDA,4H,230.58,60.26,0.02,FORMING,48.0,234.76,11.0,45.0,8.0,29.9,8.0,13.2,PENDING,79.0,208.93,0.7,11.0,45.0,8.0,,,,,,29.7,431.7,1016.7,79,2026-09-30
META,4H,733.15,53.94,0.02,BREAKOUT,73.0,686.08,23.5,131.0,9.0,15.6,23.0,27.0,,,,,,,,,,,,,-1.1,146.5,115.8,73,2026-09-30
GL,4H,165.96,35.72,0.03,,,,,,,,,,CONFIRMED,70.0,168.17,1.6,12.2,48.0,12.0,,,,,,15.8,56.7,91.4,70,2026-09-30
JCI,4H,150.06,66.97,0.03,FORMING,68.0,151.0,10.1,39.0,8.0,27.7,8.0,6.9,,,,,,,,,,,,,41.4,194.8,138.4,68,2026-09-30
ZBRA,4H,376.45,66.03,0.01,FORMING,68.0,380.85,11.7,76.0,5.0,32.3,5.0,34.3,PENDING,57.0,336.4,1.4,12.9,99.0,5.0,,,,,,25.6,59.2,-26.3,68,2026-09-30
DHR,4H,223.13,57.07,0.03,FORMING,64.0,226.65,12.2,71.0,14.0,25.2,14.0,14.6,,,,,,,,,,,,,21.4,3.2,-14.7,64,2026-09-30
EMR,4H,156.42,55.58,0.04,FORMING,64.0,160.29,9.9,65.0,5.0,30.6,5.0,3.2,,,,,,,,,,,,,23.6,70.8,81.5,64,2026-09-30
SMCI,4H,40.6,47.44,0.02,FORMING,63.0,42.7,17.2,32.0,17.0,38.8,17.0,21.8,,,,,,,,TOUCH,42.3,19.4,50.0,50.0,-11.4,48.1,987.0,63,2026-09-30
HPE,4H,64.86,63.01,0.03,BREAKOUT,63.0,63.86,28.4,78.0,10.0,19.6,13.0,46.5,,,,,,,,,,,,,174.9,301.4,407.7,63,2026-09-30
WAT,4H,443.31,67.55,0.04,BREAKOUT,61.0,436.34,9.9,48.0,7.0,28.7,7.0,7.2,,,,,,,,,,,,,51.9,61.6,24.6,61,2026-09-30
TMO,4H,681.91,69.99,0.02,BREAKOUT,61.0,663.57,10.4,49.0,13.0,24.4,15.0,15.0,,,,,,,,,,,,,47.4,36.0,20.7,61,2026-09-30
PWR,4H,646.25,53.88,0.02,FORMING,57.0,659.85,7.9,35.0,5.0,42.5,5.0,10.1,PENDING,21.0,554.12,2.4,25.4,116.0,94.0,,,,,,59.5,246.6,458.0,57,2026-09-30
ROST,4H,233.88,50.69,0.04,FORMING,57.0,239.73,7.3,45.0,8.0,36.6,8.0,4.0,,,,,,,,,,,,,55.6,113.3,122.4,57,2026-09-30
NDSN,4H,328.69,63.5,0.05,FORMING,57.0,339.12,9.8,69.0,5.0,39.3,5.0,13.2,,,,,,,,,,,,,46.6,53.0,45.5,57,2026-09-30
LLY,4H,1171.59,49.99,0.09,FORMING,57.0,1197.79,7.1,49.0,13.0,43.7,13.0,3.6,,,,,,,,,,,,,62.7,122.7,434.0,57,2026-09-30
ABBV,4H,263.02,47.33,0.04,FORMING,57.0,269.39,8.4,39.0,17.0,34.8,17.0,7.6,PENDING,57.0,241.2,0.7,10.5,116.0,17.0,,,,,,23.0,95.8,189.8,57,2026-09-30
HUBB,4H,457.45,46.34,0.02,FORMING,57.0,472.35,7.8,41.0,7.0,42.1,7.0,6.7,,,,,,,,,,,,,8.8,51.6,174.1,57,2026-09-30
EW,4H,86.12,42.82,0.04,,,,,,,,,,PENDING,57.0,81.15,2.5,15.7,77.0,105.0,,,,,,12.9,24.3,-23.3,57,2026-09-30
FIX,4H,1658.68,55.31,0.02,FORMING,57.0,1712.6,9.8,42.0,5.0,43.2,5.0,10.9,,,,,,,,,,,,,106.6,882.7,2185.7,57,2026-09-30
APO,4H,115.86,23.6,0.05,,,,,,,,,,PENDING,57.0,114.03,1.8,21.0,117.0,98.0,,,,,,-14.6,35.0,106.0,57,2026-09-30
APH,4H,84.69,66.05,0.02,FORMING,57.0,86.22,11.0,34.0,5.0,26.5,5.0,11.5,PENDING,0.0,75.75,2.2,14.1,110.0,5.0,,,,,,38.9,312.1,373.9,57,2026-09-30
AAPL,4H,336.06,50.85,0.03,,,,,,,,,,PENDING,57.0,300.0,0.2,13.1,113.0,20.0,,,,,,32.1,99.0,141.7,57,2026-09-30
ADM,4H,79.81,33.12,0.04,,,,,,,,,,PENDING,57.0,75.77,0.3,14.6,102.0,44.0,,,,,,35.5,17.0,51.2,57,2026-09-30
FOX,4H,56.34,42.72,0.02,,,,,,,,,,PENDING,57.0,56.21,2.7,10.7,38.0,36.0,,,,,,3.0,102.6,60.1,57,2026-09-30
HCA,4H,428.23,47.64,0.04,FORMING,57.0,436.5,9.3,54.0,26.0,40.7,26.0,11.5,,,,,,,,,,,,,2.7,77.8,79.9,57,2026-09-30
NWS,4H,31.81,45.04,0.02,,,,,,,,,,CONFIRMED,55.0,32.08,1.3,10.3,47.0,17.0,,,,,,-4.6,55.9,40.9,55,2026-09-30
AMAT,4H,512.19,72.84,0.04,BREAKOUT,55.0,474.9,13.3,30.0,6.0,22.6,11.0,11.2,,,,,,,,,,,,,152.6,278.7,313.4,55,2026-09-30
XYZ,4H,73.63,36.85,0.03,,,,,,,,,,CONFIRMED,55.0,76.96,2.7,11.5,14.0,30.0,,,,,,-0.1,66.4,-69.2,55,2026-09-30
NTAP,4H,211.09,72.85,0.05,BREAKOUT,48.0,203.91,8.7,26.0,6.0,43.1,7.0,24.0,,,,,,,,,,,,,79.2,195.0,161.1,48,2026-09-30
BIIB,4H,227.68,58.04,0.03,FORMING,48.0,230.49,9.4,49.0,7.0,28.0,7.0,12.3,,,,,,,,,,,,,66.0,-11.3,-19.7,48,2026-09-30
CVNA,4H,63.12,43.92,0.03,,,,,,,,,,CONFIRMED,45.0,64.76,1.0,15.7,23.0,17.0,,,,,,-14.5,651.7,4.2,45,2026-09-30
GOOG,4H,345.43,57.6,0.02,,,,,,,,,,PENDING,43.0,314.89,1.8,17.4,42.0,119.0,,,,,,40.1,164.5,155.5,43,2026-09-30
GOOGL,4H,348.74,57.05,0.02,,,,,,,,,,PENDING,43.0,314.91,2.3,18.0,42.0,119.0,,,,,,41.8,169.0,157.8,43,2026-09-30
ULTA,4H,544.96,46.77,0.05,,,,,,,,,,PENDING,43.0,493.11,0.3,13.2,55.0,56.0,,,,,,-1.3,36.3,48.0,43,2026-09-30
BG,4H,107.56,31.47,0.16,,,,,,,,,,PENDING,43.0,102.81,1.3,19.3,102.0,44.0,,,,,,34.7,8.5,49.2,43,2026-09-30
GDDY,4H,95.61,46.8,0.02,,,,,,,,,,PENDING,43.0,91.6,0.0,13.6,36.0,20.0,,,,,,-32.3,28.5,33.5,43,2026-09-30
MRNA,4H,192.35,57.95,0.03,BREAKOUT,43.0,161.96,19.5,46.0,6.0,37.0,23.0,206.4,,,,,,,,,,,,,685.4,86.2,-43.6,43,2026-09-30
MRVL,4H,262.47,59.1,0.03,BREAKOUT,43.0,254.58,21.2,42.0,7.0,34.5,22.0,26.2,,,,,,,,,,,,,216.3,389.4,346.9,43,2026-09-30
PANW,4H,399.8,63.14,0.03,BREAKOUT,43.0,396.3,18.9,55.0,12.0,38.8,2.0,18.1,,,,,,,,,,,,,97.6,241.1,393.1,43,2026-09-30
RL,4H,356.64,60.31,0.04,FORMING,41.0,361.1,8.4,45.0,5.0,38.5,5.0,6.8,,,,,,,,,,,,,15.5,220.5,242.5,41,2026-09-30
FERG,4H,224.46,57.51,0.11,FORMING,41.0,228.77,7.3,36.0,5.0,39.3,5.0,4.4,,,,,,,,,,,,,0.9,43.9,79.3,41,2026-09-30
CRL,4H,297.1,60.89,0.01,FORMING,41.0,298.4,10.4,43.0,13.0,35.9,13.0,7.2,PENDING,21.0,267.27,1.6,11.9,57.0,13.0,,,,,,100.0,51.6,-28.7,41,2026-09-30
IR,4H,75.83,54.47,0.06,FORMING,41.0,77.54,8.5,45.0,7.0,33.7,7.0,3.5,,,,,,,,,,,,,-7.8,19.4,49.9,41,2026-09-30
TJX,4H,132.62,58.29,0.03,FORMING,41.0,133.11,7.8,38.0,14.0,43.9,14.0,2.3,,,,,,,,,,,,,-6.2,55.1,114.0,41,2026-09-30
TKO,4H,179.26,38.71,0.06,,,,,,,,,,CONFIRMED,40.0,180.21,2.6,11.2,49.0,4.0,,,,,,-8.5,118.6,235.1,40,2026-09-30
LYB,4H,57.81,35.16,0.03,,,,,,,,,,CONFIRMED,40.0,61.48,2.4,11.1,25.0,23.0,,,,,,24.3,-25.7,-15.0,40,2026-09-30
NCLH,4H,14.66,52.65,0.03,FORMING,37.0,15.27,10.8,35.0,5.0,39.2,5.0,4.0,,,,,,,,,,,,,-41.4,-11.0,-48.2,37,2026-09-30
TEL,4H,212.79,51.39,0.03,FORMING,37.0,219.63,9.3,85.0,9.0,44.0,9.0,10.8,PENDING,21.0,199.28,1.1,10.2,98.0,9.0,,,,,,-1.2,79.6,61.8,37,2026-09-30
TT,4H,457.53,69.76,0.06,BREAKOUT,28.0,457.18,9.5,33.0,8.0,22.3,0.0,2.8,PENDING,36.0,439.82,2.4,13.1,97.0,104.0,,,,,,10.8,131.6,177.9,36,2026-09-30
INCY,4H,123.01,43.65,0.04,,,,,,,,,,PENDING,36.0,115.77,2.9,12.7,110.0,25.0,,,,,,48.9,113.2,80.5,36,2026-09-30
KLAC,4H,196.12,65.8,0.02,BREAKOUT,35.0,190.87,13.1,32.0,13.0,36.6,5.0,14.3,,,,,,,,,,,,,85.2,337.8,514.4,35,2026-09-30
ROK,4H,438.01,65.89,0.02,FORMING,31.0,438.5,7.2,30.0,10.0,34.9,10.0,4.6,,,,,,,,,,,,,29.2,61.0,61.5,31,2026-09-30
WAB,4H,290.3,56.47,0.04,FORMING,31.0,293.95,7.1,33.0,16.0,36.1,16.0,4.1,,,,,,,,,,,,,48.3,177.3,236.8,31,2026-09-30
CTSH,4H,57.42,44.13,0.05,,,,,,,,,,CONFIRMED,30.0,57.91,1.2,11.5,20.0,14.0,,,,,,-12.3,-10.5,-16.9,30,2026-09-30
FTNT,4H,179.92,63.18,0.03,BREAKOUT,28.0,176.1,13.8,41.0,12.0,41.2,16.0,17.3,,,,,,,,,,,,,113.4,206.6,201.9,28,2026-09-30
MTD,4H,1524.15,64.28,0.03,BREAKOUT,28.0,1423.42,11.0,34.0,6.0,24.4,22.0,2.8,,,,,,,,,,,,,26.5,37.5,9.7,28,2026-09-30
HPQ,4H,31.43,46.2,0.05,,,,,,,,,,CONFIRMED,25.0,32.56,3.0,10.1,14.0,20.0,,,,,,23.8,38.5,35.3,25,2026-09-30
PEP,4H,127.03,30.36,0.06,,,,,,,,,,CONFIRMED,25.0,133.73,2.1,10.3,101.0,29.0,,,,,,-5.9,-16.5,-1.0,25,2026-09-30
ARE,4H,47.46,29.29,0.02,,,,,,,,,,PENDING,21.0,45.78,2.7,20.1,107.0,26.0,,,,,,-39.9,-45.0,-69.6,21,2026-09-30
WSM,4H,230.05,52.24,0.03,,,,,,,,,,PENDING,21.0,221.34,2.7,13.2,37.0,70.0,,,,,,15.7,210.1,188.8,21,2026-09-30
DXCM,4H,86.3,44.3,0.05,,,,,,,,,,PENDING,21.0,82.29,2.4,11.1,60.0,19.0,,,,,,28.7,-7.4,-37.2,21,2026-09-30
EBAY,4H,106.7,45.44,0.03,,,,,,,,,,PENDING,21.0,106.01,2.5,10.3,58.0,112.0,,,,,,18.7,154.7,66.9,21,2026-09-30
HUM,4H,386.08,48.05,0.03,,,,,,,,,,PENDING,21.0,369.13,1.5,12.1,37.0,10.0,,,,,,52.8,-18.0,3.3,21,2026-09-30
PSKY,4H,10.16,47.21,0.15,FORMING,21.0,11.49,33.7,153.0,15.0,44.4,15.0,15.0,PENDING,21.0,10.11,2.4,12.0,28.0,15.0,,,,,,-45.4,-17.3,-71.4,21,2026-09-30
CDW,4H,128.36,26.42,0.02,,,,,,,,,,CONFIRMED,0.0,140.96,1.9,10.8,17.0,14.0,TOUCH,154.5,26.8,52.0,68.0,-20.4,-33.6,-26.1,0,2026-09-30
SPGI,4H,395.02,36.78,0.05,,,,,,,,,,CONFIRMED,0.0,403.45,2.5,12.7,104.0,20.0,,,,,,-13.6,17.0,1.6,0,2026-09-30
VRSN,4H,283.81,40.42,0.1,,,,,,,,,,PENDING,0.0,271.1,2.3,12.5,105.0,20.0,,,,,,1.2,42.9,40.0,0,2026-09-30
